delivery_id,order_id,product_id,product_name,abc_class,category,outlet_id,actual_hours_calc,is_timeout,exception_type,exception_reason,priority_level,suggest_action
D007909,ORD007556,P0024,杂粮包4号,A,生鲜粮油,O041,68.0,1,A类重点商品超时订单,A类或高优先级商品配送超过36小时,高,优先调度车辆，必要时纳入低空应急配送
D005983,ORD000886,P0017,玉米糁3号,A,生鲜粮油,O032,68.0,1,A类重点商品超时订单,A类或高优先级商品配送超过36小时,高,优先调度车辆，必要时纳入低空应急配送
D005443,ORD005484,P0010,小麦面粉2号,A,生鲜粮油,O034,68.0,1,A类重点商品超时订单,A类或高优先级商品配送超过36小时,高,优先调度车辆，必要时纳入低空应急配送
D003927,ORD003319,P0183,冷冻水饺2号,A,冷链食品,O037,68.0,1,A类重点商品超时订单,A类或高优先级商品配送超过36小时,高,优先调度车辆，必要时纳入低空应急配送
D004614,ORD000772,P0188,冷冻汤圆2号,A,冷链食品,O025,68.0,1,A类重点商品超时订单,A类或高优先级商品配送超过36小时,高,优先调度车辆，必要时纳入低空应急配送
D002290,ORD007944,P0020,花生油4号,A,生鲜粮油,O036,68.0,1,A类重点商品超时订单,A类或高优先级商品配送超过36小时,高,优先调度车辆，必要时纳入低空应急配送
D006308,ORD003921,P0200,冷冻汤圆4号,A,冷链食品,O038,68.0,1,A类重点商品超时订单,A类或高优先级商品配送超过36小时,高,优先调度车辆，必要时纳入低空应急配送
D007440,ORD004870,P0020,花生油4号,A,生鲜粮油,O059,68.0,1,A类重点商品超时订单,A类或高优先级商品配送超过36小时,高,优先调度车辆，必要时纳入低空应急配送
D006696,ORD007933,P0198,速冻馄饨4号,A,冷链食品,O037,68.0,1,A类重点商品超时订单,A类或高优先级商品配送超过36小时,高,优先调度车辆，必要时纳入低空应急配送
D006516,ORD000967,P0153,鲜玉米1号,A,农产品,O047,68.0,1,A类重点商品超时订单,A类或高优先级商品配送超过36小时,高,优先调度车辆，必要时纳入低空应急配送
D001758,ORD000255,P0183,冷冻水饺2号,A,冷链食品,O024,68.0,1,A类重点商品超时订单,A类或高优先级商品配送超过36小时,高,优先调度车辆，必要时纳入低空应急配送
D003581,ORD005944,P0186,速冻馄饨2号,A,冷链食品,O023,68.0,1,A类重点商品超时订单,A类或高优先级商品配送超过36小时,高,优先调度车辆，必要时纳入低空应急配送
D001110,ORD007613,P0006,杂粮包1号,A,生鲜粮油,O041,68.0,1,A类重点商品超时订单,A类或高优先级商品配送超过36小时,高,优先调度车辆，必要时纳入低空应急配送
D006014,ORD001691,P0042,果汁2号,A,零食饮料,O046,68.0,1,A类重点商品超时订单,A类或高优先级商品配送超过36小时,高,优先调度车辆，必要时纳入低空应急配送
D003070,ORD000991,P0155,土豆1号,A,农产品,O026,68.0,1,A类重点商品超时订单,A类或高优先级商品配送超过36小时,高,优先调度车辆，必要时纳入低空应急配送
D005667,ORD002353,P0183,冷冻水饺2号,A,冷链食品,O035,68.0,1,A类重点商品超时订单,A类或高优先级商品配送超过36小时,高,优先调度车辆，必要时纳入低空应急配送
D003561,ORD001416,P0198,速冻馄饨4号,A,冷链食品,O030,68.0,1,A类重点商品超时订单,A类或高优先级商品配送超过36小时,高,优先调度车辆，必要时纳入低空应急配送
D000676,ORD002752,P0186,速冻馄饨2号,A,冷链食品,O034,68.0,1,A类重点商品超时订单,A类或高优先级商品配送超过36小时,高,优先调度车辆，必要时纳入低空应急配送
D003427,ORD005046,P0183,冷冻水饺2号,A,冷链食品,O023,67.7,1,A类重点商品超时订单,A类或高优先级商品配送超过36小时,高,优先调度车辆，必要时纳入低空应急配送
D004918,ORD006741,P0011,玉米糁2号,A,生鲜粮油,O051,67.3,1,A类重点商品超时订单,A类或高优先级商品配送超过36小时,高,优先调度车辆，必要时纳入低空应急配送
D003861,ORD007532,P0197,酸奶4号,A,冷链食品,O036,67.3,1,A类重点商品超时订单,A类或高优先级商品配送超过36小时,高,优先调度车辆，必要时纳入低空应急配送
D007736,ORD006586,P0186,速冻馄饨2号,A,冷链食品,O039,67.2,1,A类重点商品超时订单,A类或高优先级商品配送超过36小时,高,优先调度车辆，必要时纳入低空应急配送
D000004,ORD003028,P0155,土豆1号,A,农产品,O037,67.1,1,A类重点商品超时订单,A类或高优先级商品配送超过36小时,高,优先调度车辆，必要时纳入低空应急配送
D002909,ORD000288,P0155,土豆1号,A,农产品,O035,66.8,1,A类重点商品超时订单,A类或高优先级商品配送超过36小时,高,优先调度车辆，必要时纳入低空应急配送
D006914,ORD002394,P0153,鲜玉米1号,A,农产品,O037,66.6,1,A类重点商品超时订单,A类或高优先级商品配送超过36小时,高,优先调度车辆，必要时纳入低空应急配送
D005979,ORD006442,P0019,东北大米4号,A,生鲜粮油,O036,66.4,1,A类重点商品超时订单,A类或高优先级商品配送超过36小时,高,优先调度车辆，必要时纳入低空应急配送
D006574,ORD002862,P0006,杂粮包1号,A,生鲜粮油,O024,66.4,1,A类重点商品超时订单,A类或高优先级商品配送超过36小时,高,优先调度车辆，必要时纳入低空应急配送
D007395,ORD001471,P0173,土豆4号,A,农产品,O040,66.2,1,A类重点商品超时订单,A类或高优先级商品配送超过36小时,高,优先调度车辆，必要时纳入低空应急配送
D007983,ORD002920,P0196,冷鲜鸡腿4号,A,冷链食品,O044,66.1,1,A类重点商品超时订单,A类或高优先级商品配送超过36小时,高,优先调度车辆，必要时纳入低空应急配送
D005761,ORD000903,P0198,速冻馄饨4号,A,冷链食品,O026,66.0,1,A类重点商品超时订单,A类或高优先级商品配送超过36小时,高,优先调度车辆，必要时纳入低空应急配送
D000459,ORD001079,P0191,酸奶3号,A,冷链食品,O053,66.0,1,A类重点商品超时订单,A类或高优先级商品配送超过36小时,高,优先调度车辆，必要时纳入低空应急配送
D007251,ORD006589,P0005,玉米糁1号,A,生鲜粮油,O037,65.7,1,A类重点商品超时订单,A类或高优先级商品配送超过36小时,高,优先调度车辆，必要时纳入低空应急配送
D003411,ORD000946,P0017,玉米糁3号,A,生鲜粮油,O048,65.7,1,A类重点商品超时订单,A类或高优先级商品配送超过36小时,高,优先调度车辆，必要时纳入低空应急配送
D007063,ORD007349,P0002,花生油1号,A,生鲜粮油,O039,65.3,1,A类重点商品超时订单,A类或高优先级商品配送超过36小时,高,优先调度车辆，必要时纳入低空应急配送
D005324,ORD007299,P0017,玉米糁3号,A,生鲜粮油,O036,65.2,1,A类重点商品超时订单,A类或高优先级商品配送超过36小时,高,优先调度车辆，必要时纳入低空应急配送
D006460,ORD003080,P0157,苹果1号,A,农产品,O056,65.2,1,A类重点商品超时订单,A类或高优先级商品配送超过36小时,高,优先调度车辆，必要时纳入低空应急配送
D007396,ORD004800,P0191,酸奶3号,A,冷链食品,O060,65.0,1,A类重点商品超时订单,A类或高优先级商品配送超过36小时,高,优先调度车辆，必要时纳入低空应急配送
D003962,ORD001878,P0030,杂粮包5号,A,生鲜粮油,O021,64.9,1,A类重点商品超时订单,A类或高优先级商品配送超过36小时,高,优先调度车辆，必要时纳入低空应急配送
D001333,ORD004952,P0196,冷鲜鸡腿4号,A,冷链食品,O041,64.9,1,A类重点商品超时订单,A类或高优先级商品配送超过36小时,高,优先调度车辆，必要时纳入低空应急配送
D003288,ORD002145,P0157,苹果1号,A,农产品,O052,64.8,1,A类重点商品超时订单,A类或高优先级商品配送超过36小时,高,优先调度车辆，必要时纳入低空应急配送
D003786,ORD000384,P0017,玉米糁3号,A,生鲜粮油,O028,64.7,1,A类重点商品超时订单,A类或高优先级商品配送超过36小时,高,优先调度车辆，必要时纳入低空应急配送
D000892,ORD004060,P0005,玉米糁1号,A,生鲜粮油,O041,64.4,1,A类重点商品超时订单,A类或高优先级商品配送超过36小时,高,优先调度车辆，必要时纳入低空应急配送
D005495,ORD005276,P0023,玉米糁4号,A,生鲜粮油,O042,64.1,1,A类重点商品超时订单,A类或高优先级商品配送超过36小时,高,优先调度车辆，必要时纳入低空应急配送
D007978,ORD000770,P0187,冰鲜牛肉2号,A,冷链食品,O028,64.1,1,A类重点商品超时订单,A类或高优先级商品配送超过36小时,高,优先调度车辆，必要时纳入低空应急配送
D005977,ORD007396,P0020,花生油4号,A,生鲜粮油,O028,64.1,1,A类重点商品超时订单,A类或高优先级商品配送超过36小时,高,优先调度车辆，必要时纳入低空应急配送
D003227,ORD002806,P0196,冷鲜鸡腿4号,A,冷链食品,O022,63.9,1,A类重点商品超时订单,A类或高优先级商品配送超过36小时,高,优先调度车辆，必要时纳入低空应急配送
D003127,ORD000082,P0163,苹果2号,B,农产品,O050,68.0,1,生鲜/冷链超时订单,生鲜冷链商品配送超过24小时,高,优先签收或退换处理，降低质量损耗
D006394,ORD002762,P0175,苹果4号,B,农产品,O056,68.0,1,生鲜/冷链超时订单,生鲜冷链商品配送超过24小时,高,优先签收或退换处理，降低质量损耗
D003403,ORD005591,P0165,鲜玉米3号,B,农产品,O055,68.0,1,生鲜/冷链超时订单,生鲜冷链商品配送超过24小时,高,优先签收或退换处理，降低质量损耗
D006495,ORD002080,P0016,小麦面粉3号,C,生鲜粮油,O056,68.0,1,生鲜/冷链超时订单,生鲜冷链商品配送超过24小时,高,优先签收或退换处理，降低质量损耗
D000995,ORD007590,P0021,鸡蛋4号,C,生鲜粮油,O039,68.0,1,生鲜/冷链超时订单,生鲜冷链商品配送超过24小时,高,优先签收或退换处理，降低质量损耗
D002262,ORD005020,P0159,鲜玉米2号,B,农产品,O045,68.0,1,生鲜/冷链超时订单,生鲜冷链商品配送超过24小时,高,优先签收或退换处理，降低质量损耗
D005784,ORD000750,P0154,红薯1号,C,农产品,O035,68.0,1,生鲜/冷链超时订单,生鲜冷链商品配送超过24小时,高,优先签收或退换处理，降低质量损耗
D002970,ORD002907,P0170,蘑菇3号,C,农产品,O037,68.0,1,生鲜/冷链超时订单,生鲜冷链商品配送超过24小时,高,优先签收或退换处理，降低质量损耗
D002426,ORD001809,P0176,蘑菇4号,B,农产品,O029,68.0,1,生鲜/冷链超时订单,生鲜冷链商品配送超过24小时,高,优先签收或退换处理，降低质量损耗
D002720,ORD000979,P0178,冷鲜鸡腿1号,B,冷链食品,O023,68.0,1,生鲜/冷链超时订单,生鲜冷链商品配送超过24小时,高,优先签收或退换处理，降低质量损耗
D006224,ORD000615,P0158,蘑菇1号,B,农产品,O035,68.0,1,生鲜/冷链超时订单,生鲜冷链商品配送超过24小时,高,优先签收或退换处理，降低质量损耗
D007012,ORD001575,P0180,速冻馄饨1号,C,冷链食品,O050,68.0,1,生鲜/冷链超时订单,生鲜冷链商品配送超过24小时,高,优先签收或退换处理，降低质量损耗
D002680,ORD000308,P0007,东北大米2号,C,生鲜粮油,O026,68.0,1,生鲜/冷链超时订单,生鲜冷链商品配送超过24小时,高,优先签收或退换处理，降低质量损耗
D000746,ORD003146,P0012,杂粮包2号,B,生鲜粮油,O046,68.0,1,生鲜/冷链超时订单,生鲜冷链商品配送超过24小时,高,优先签收或退换处理，降低质量损耗
D006281,ORD003116,P0008,花生油2号,B,生鲜粮油,O035,68.0,1,生鲜/冷链超时订单,生鲜冷链商品配送超过24小时,高,优先签收或退换处理，降低质量损耗
D002704,ORD004253,P0016,小麦面粉3号,C,生鲜粮油,O024,68.0,1,生鲜/冷链超时订单,生鲜冷链商品配送超过24小时,高,优先签收或退换处理，降低质量损耗
D007954,ORD000976,P0190,冷鲜鸡腿3号,B,冷链食品,O041,68.0,1,生鲜/冷链超时订单,生鲜冷链商品配送超过24小时,高,优先签收或退换处理，降低质量损耗
D000122,ORD006424,P0164,蘑菇2号,B,农产品,O032,68.0,1,生鲜/冷链超时订单,生鲜冷链商品配送超过24小时,高,优先签收或退换处理，降低质量损耗
D006173,ORD006379,P0022,小麦面粉4号,B,生鲜粮油,O060,68.0,1,生鲜/冷链超时订单,生鲜冷链商品配送超过24小时,高,优先签收或退换处理，降低质量损耗
D003653,ORD003387,P0180,速冻馄饨1号,C,冷链食品,O036,67.9,1,生鲜/冷链超时订单,生鲜冷链商品配送超过24小时,高,优先签收或退换处理，降低质量损耗
D007235,ORD002939,P0189,冷冻水饺3号,B,冷链食品,O034,67.9,1,生鲜/冷链超时订单,生鲜冷链商品配送超过24小时,高,优先签收或退换处理，降低质量损耗
D007531,ORD005089,P0161,土豆2号,C,农产品,O023,67.9,1,生鲜/冷链超时订单,生鲜冷链商品配送超过24小时,高,优先签收或退换处理，降低质量损耗
D005545,ORD003339,P0177,冷冻水饺1号,C,冷链食品,O025,67.8,1,生鲜/冷链超时订单,生鲜冷链商品配送超过24小时,高,优先签收或退换处理，降低质量损耗
D000920,ORD001941,P0159,鲜玉米2号,B,农产品,O037,67.8,1,生鲜/冷链超时订单,生鲜冷链商品配送超过24小时,高,优先签收或退换处理，降低质量损耗
D001388,ORD001672,P0029,玉米糁5号,B,生鲜粮油,O043,67.1,1,生鲜/冷链超时订单,生鲜冷链商品配送超过24小时,高,优先签收或退换处理，降低质量损耗
D005066,ORD003679,P0009,鸡蛋2号,B,生鲜粮油,O033,67.0,1,生鲜/冷链超时订单,生鲜冷链商品配送超过24小时,高,优先签收或退换处理，降低质量损耗
D006568,ORD001206,P0159,鲜玉米2号,B,农产品,O026,66.9,1,生鲜/冷链超时订单,生鲜冷链商品配送超过24小时,高,优先签收或退换处理，降低质量损耗
D000898,ORD000177,P0160,红薯2号,B,农产品,O053,66.7,1,生鲜/冷链超时订单,生鲜冷链商品配送超过24小时,高,优先签收或退换处理，降低质量损耗
D001487,ORD003359,P0143,插线板3号,C,小家电配件,O029,68.0,1,乡镇偏远网点超时订单,乡镇配送超过48小时且网点位置偏远,中,纳入片区线路优化和网点风险评分
D000677,ORD001430,P0069,垃圾袋1号,C,日用品,O037,68.0,1,乡镇偏远网点超时订单,乡镇配送超过48小时且网点位置偏远,中,纳入片区线路优化和网点风险评分
D006840,ORD002159,P0053,饼干4号,B,零食饮料,O053,68.0,1,乡镇偏远网点超时订单,乡镇配送超过48小时且网点位置偏远,中,纳入片区线路优化和网点风险评分
D004875,ORD001939,P0059,饼干5号,C,零食饮料,O060,68.0,1,乡镇偏远网点超时订单,乡镇配送超过48小时且网点位置偏远,中,纳入片区线路优化和网点风险评分
D003672,ORD007671,P0084,洗洁精3号,B,日用品,O043,68.0,1,乡镇偏远网点超时订单,乡镇配送超过48小时且网点位置偏远,中,纳入片区线路优化和网点风险评分
D004475,ORD002981,P0081,垃圾袋3号,C,日用品,O048,68.0,1,乡镇偏远网点超时订单,乡镇配送超过48小时且网点位置偏远,中,纳入片区线路优化和网点风险评分
D000499,ORD000170,P0051,茶饮料3号,C,零食饮料,O039,68.0,1,乡镇偏远网点超时订单,乡镇配送超过48小时且网点位置偏远,中,纳入片区线路优化和网点风险评分
D004699,ORD006226,P0055,矿泉水4号,B,零食饮料,O049,68.0,1,乡镇偏远网点超时订单,乡镇配送超过48小时且网点位置偏远,中,纳入片区线路优化和网点风险评分
D003719,ORD001753,P0093,垃圾袋5号,C,日用品,O045,68.0,1,乡镇偏远网点超时订单,乡镇配送超过48小时且网点位置偏远,中,纳入片区线路优化和网点风险评分
D007033,ORD006915,P0053,饼干4号,B,零食饮料,O032,68.0,1,乡镇偏远网点超时订单,乡镇配送超过48小时且网点位置偏远,中,纳入片区线路优化和网点风险评分
D002137,ORD004709,P0053,饼干4号,B,零食饮料,O035,68.0,1,乡镇偏远网点超时订单,乡镇配送超过48小时且网点位置偏远,中,纳入片区线路优化和网点风险评分
D004559,ORD005345,P0066,果汁6号,B,零食饮料,O035,68.0,1,乡镇偏远网点超时订单,乡镇配送超过48小时且网点位置偏远,中,纳入片区线路优化和网点风险评分
D003543,ORD005748,P0056,坚果4号,B,零食饮料,O054,67.7,1,乡镇偏远网点超时订单,乡镇配送超过48小时且网点位置偏远,中,纳入片区线路优化和网点风险评分
D001455,ORD002226,P0069,垃圾袋1号,C,日用品,O023,67.1,1,乡镇偏远网点超时订单,乡镇配送超过48小时且网点位置偏远,中,纳入片区线路优化和网点风险评分
D006065,ORD005234,P0072,洗洁精1号,C,日用品,O051,66.7,1,乡镇偏远网点超时订单,乡镇配送超过48小时且网点位置偏远,中,纳入片区线路优化和网点风险评分
D001927,ORD000806,P0175,苹果4号,B,农产品,O027,66.6,1,乡镇偏远网点超时订单,乡镇配送超过48小时且网点位置偏远,中,纳入片区线路优化和网点风险评分
D005445,ORD001585,P0008,花生油2号,B,生鲜粮油,O025,66.4,1,乡镇偏远网点超时订单,乡镇配送超过48小时且网点位置偏远,中,纳入片区线路优化和网点风险评分
D000698,ORD007384,P0013,东北大米3号,B,生鲜粮油,O051,66.3,1,乡镇偏远网点超时订单,乡镇配送超过48小时且网点位置偏远,中,纳入片区线路优化和网点风险评分
D007448,ORD007137,P0022,小麦面粉4号,B,生鲜粮油,O047,66.2,1,乡镇偏远网点超时订单,乡镇配送超过48小时且网点位置偏远,中,纳入片区线路优化和网点风险评分
D007113,ORD003331,P0156,西红柿1号,B,农产品,O052,66.2,1,乡镇偏远网点超时订单,乡镇配送超过48小时且网点位置偏远,中,纳入片区线路优化和网点风险评分
D002859,ORD000296,P0034,小麦面粉6号,C,生鲜粮油,O021,66.1,1,乡镇偏远网点超时订单,乡镇配送超过48小时且网点位置偏远,中,纳入片区线路优化和网点风险评分
D001887,ORD007329,P0189,冷冻水饺3号,B,冷链食品,O056,66.0,1,乡镇偏远网点超时订单,乡镇配送超过48小时且网点位置偏远,中,纳入片区线路优化和网点风险评分
D002962,ORD005745,P0160,红薯2号,B,农产品,O038,65.9,1,乡镇偏远网点超时订单,乡镇配送超过48小时且网点位置偏远,中,纳入片区线路优化和网点风险评分
D000114,ORD000350,P0180,速冻馄饨1号,C,冷链食品,O049,65.7,1,乡镇偏远网点超时订单,乡镇配送超过48小时且网点位置偏远,中,纳入片区线路优化和网点风险评分
D004490,ORD003436,P0162,西红柿2号,B,农产品,O023,65.7,1,乡镇偏远网点超时订单,乡镇配送超过48小时且网点位置偏远,中,纳入片区线路优化和网点风险评分
D006803,ORD006969,P0029,玉米糁5号,B,生鲜粮油,O058,65.7,1,乡镇偏远网点超时订单,乡镇配送超过48小时且网点位置偏远,中,纳入片区线路优化和网点风险评分
D003130,ORD003269,P0044,坚果2号,C,零食饮料,O039,65.6,1,乡镇偏远网点超时订单,乡镇配送超过48小时且网点位置偏远,中,纳入片区线路优化和网点风险评分
D001057,ORD007175,P0179,酸奶1号,B,冷链食品,O030,65.6,1,乡镇偏远网点超时订单,乡镇配送超过48小时且网点位置偏远,中,纳入片区线路优化和网点风险评分
D001220,ORD005019,P0001,东北大米1号,B,生鲜粮油,O037,65.6,1,乡镇偏远网点超时订单,乡镇配送超过48小时且网点位置偏远,中,纳入片区线路优化和网点风险评分
D006114,ORD001915,P0162,西红柿2号,B,农产品,O058,65.5,1,乡镇偏远网点超时订单,乡镇配送超过48小时且网点位置偏远,中,纳入片区线路优化和网点风险评分
D001482,ORD003873,P0053,饼干4号,B,零食饮料,O023,65.5,1,乡镇偏远网点超时订单,乡镇配送超过48小时且网点位置偏远,中,纳入片区线路优化和网点风险评分
D006479,ORD003294,P0144,风扇电机3号,C,小家电配件,O029,65.5,1,乡镇偏远网点超时订单,乡镇配送超过48小时且网点位置偏远,中,纳入片区线路优化和网点风险评分
D001822,ORD006981,P0163,苹果2号,B,农产品,O043,65.5,1,乡镇偏远网点超时订单,乡镇配送超过48小时且网点位置偏远,中,纳入片区线路优化和网点风险评分
D007566,ORD003355,P0016,小麦面粉3号,C,生鲜粮油,O039,65.2,1,乡镇偏远网点超时订单,乡镇配送超过48小时且网点位置偏远,中,纳入片区线路优化和网点风险评分
D007601,ORD002870,P0178,冷鲜鸡腿1号,B,冷链食品,O059,65.1,1,乡镇偏远网点超时订单,乡镇配送超过48小时且网点位置偏远,中,纳入片区线路优化和网点风险评分
D006918,ORD005525,P0016,小麦面粉3号,C,生鲜粮油,O029,65.0,1,乡镇偏远网点超时订单,乡镇配送超过48小时且网点位置偏远,中,纳入片区线路优化和网点风险评分
D006468,ORD006306,P0170,蘑菇3号,C,农产品,O049,65.0,1,乡镇偏远网点超时订单,乡镇配送超过48小时且网点位置偏远,中,纳入片区线路优化和网点风险评分
D000366,ORD001702,P0177,冷冻水饺1号,C,冷链食品,O027,65.0,1,乡镇偏远网点超时订单,乡镇配送超过48小时且网点位置偏远,中,纳入片区线路优化和网点风险评分
D007118,ORD005263,P0174,西红柿4号,B,农产品,O026,64.8,1,乡镇偏远网点超时订单,乡镇配送超过48小时且网点位置偏远,中,纳入片区线路优化和网点风险评分
D003604,ORD006725,P0111,饭盒2号,C,厨具,O059,64.7,1,乡镇偏远网点超时订单,乡镇配送超过48小时且网点位置偏远,中,纳入片区线路优化和网点风险评分
D000814,ORD005096,P0065,饼干6号,B,零食饮料,O041,64.7,1,乡镇偏远网点超时订单,乡镇配送超过48小时且网点位置偏远,中,纳入片区线路优化和网点风险评分
D005751,ORD007965,P0178,冷鲜鸡腿1号,B,冷链食品,O047,64.7,1,乡镇偏远网点超时订单,乡镇配送超过48小时且网点位置偏远,中,纳入片区线路优化和网点风险评分
D002666,ORD003505,P0182,冷冻汤圆1号,B,冷链食品,O053,64.6,1,乡镇偏远网点超时订单,乡镇配送超过48小时且网点位置偏远,中,纳入片区线路优化和网点风险评分
D001783,ORD006920,P0193,冰鲜牛肉3号,B,冷链食品,O034,64.4,1,乡镇偏远网点超时订单,乡镇配送超过48小时且网点位置偏远,中,纳入片区线路优化和网点风险评分
D004706,ORD005405,P0031,东北大米6号,C,生鲜粮油,O023,64.4,1,乡镇偏远网点超时订单,乡镇配送超过48小时且网点位置偏远,中,纳入片区线路优化和网点风险评分
D007552,ORD007972,P0159,鲜玉米2号,B,农产品,O060,64.3,1,乡镇偏远网点超时订单,乡镇配送超过48小时且网点位置偏远,中,纳入片区线路优化和网点风险评分
D003220,ORD001533,P0164,蘑菇2号,B,农产品,O057,64.3,1,乡镇偏远网点超时订单,乡镇配送超过48小时且网点位置偏远,中,纳入片区线路优化和网点风险评分
D007941,ORD003557,P0038,坚果1号,B,零食饮料,O049,64.3,1,乡镇偏远网点超时订单,乡镇配送超过48小时且网点位置偏远,中,纳入片区线路优化和网点风险评分
D001317,ORD003615,P0035,饼干1号,B,零食饮料,O023,64.3,1,乡镇偏远网点超时订单,乡镇配送超过48小时且网点位置偏远,中,纳入片区线路优化和网点风险评分
D003743,ORD004975,P0009,鸡蛋2号,B,生鲜粮油,O041,64.1,1,乡镇偏远网点超时订单,乡镇配送超过48小时且网点位置偏远,中,纳入片区线路优化和网点风险评分
D006745,ORD002220,P0181,冰鲜牛肉1号,C,冷链食品,O030,64.1,1,乡镇偏远网点超时订单,乡镇配送超过48小时且网点位置偏远,中,纳入片区线路优化和网点风险评分
D005369,ORD004407,P0043,矿泉水2号,C,零食饮料,O058,64.1,1,乡镇偏远网点超时订单,乡镇配送超过48小时且网点位置偏远,中,纳入片区线路优化和网点风险评分
D001506,ORD005909,P0155,土豆1号,A,农产品,O047,63.9,1,乡镇偏远网点超时订单,乡镇配送超过48小时且网点位置偏远,中,纳入片区线路优化和网点风险评分
D006255,ORD007878,P0004,小麦面粉1号,B,生鲜粮油,O039,63.9,1,乡镇偏远网点超时订单,乡镇配送超过48小时且网点位置偏远,中,纳入片区线路优化和网点风险评分
D006632,ORD006360,P0193,冰鲜牛肉3号,B,冷链食品,O053,63.9,1,乡镇偏远网点超时订单,乡镇配送超过48小时且网点位置偏远,中,纳入片区线路优化和网点风险评分
D006462,ORD005298,P0016,小麦面粉3号,C,生鲜粮油,O033,63.8,1,乡镇偏远网点超时订单,乡镇配送超过48小时且网点位置偏远,中,纳入片区线路优化和网点风险评分
D001518,ORD001783,P0005,玉米糁1号,A,生鲜粮油,O043,63.8,1,乡镇偏远网点超时订单,乡镇配送超过48小时且网点位置偏远,中,纳入片区线路优化和网点风险评分
D004033,ORD007262,P0017,玉米糁3号,A,生鲜粮油,O045,63.8,1,乡镇偏远网点超时订单,乡镇配送超过48小时且网点位置偏远,中,纳入片区线路优化和网点风险评分
D005030,ORD002282,P0026,花生油5号,A,生鲜粮油,O051,63.8,1,乡镇偏远网点超时订单,乡镇配送超过48小时且网点位置偏远,中,纳入片区线路优化和网点风险评分
D002153,ORD005029,P0182,冷冻汤圆1号,B,冷链食品,O054,63.7,1,乡镇偏远网点超时订单,乡镇配送超过48小时且网点位置偏远,中,纳入片区线路优化和网点风险评分
D001866,ORD007002,P0006,杂粮包1号,A,生鲜粮油,O046,63.7,1,乡镇偏远网点超时订单,乡镇配送超过48小时且网点位置偏远,中,纳入片区线路优化和网点风险评分
D005256,ORD005466,P0031,东北大米6号,C,生鲜粮油,O054,63.7,1,乡镇偏远网点超时订单,乡镇配送超过48小时且网点位置偏远,中,纳入片区线路优化和网点风险评分
D000644,ORD006563,P0028,小麦面粉5号,B,生鲜粮油,O048,63.7,1,乡镇偏远网点超时订单,乡镇配送超过48小时且网点位置偏远,中,纳入片区线路优化和网点风险评分
D003679,ORD007278,P0016,小麦面粉3号,C,生鲜粮油,O032,63.6,1,乡镇偏远网点超时订单,乡镇配送超过48小时且网点位置偏远,中,纳入片区线路优化和网点风险评分
D007153,ORD001997,P0155,土豆1号,A,农产品,O060,63.6,1,乡镇偏远网点超时订单,乡镇配送超过48小时且网点位置偏远,中,纳入片区线路优化和网点风险评分
D003042,ORD006603,P0195,冷冻水饺4号,B,冷链食品,O029,63.6,1,乡镇偏远网点超时订单,乡镇配送超过48小时且网点位置偏远,中,纳入片区线路优化和网点风险评分
D001071,ORD002524,P0188,冷冻汤圆2号,A,冷链食品,O060,63.6,1,乡镇偏远网点超时订单,乡镇配送超过48小时且网点位置偏远,中,纳入片区线路优化和网点风险评分
D005010,ORD006152,P0159,鲜玉米2号,B,农产品,O047,63.5,1,乡镇偏远网点超时订单,乡镇配送超过48小时且网点位置偏远,中,纳入片区线路优化和网点风险评分
D007473,ORD001167,P0042,果汁2号,A,零食饮料,O039,63.3,1,乡镇偏远网点超时订单,乡镇配送超过48小时且网点位置偏远,中,纳入片区线路优化和网点风险评分
D005864,ORD005421,P0034,小麦面粉6号,C,生鲜粮油,O038,63.3,1,乡镇偏远网点超时订单,乡镇配送超过48小时且网点位置偏远,中,纳入片区线路优化和网点风险评分
D007646,ORD003644,P0003,鸡蛋1号,A,生鲜粮油,O047,63.3,1,乡镇偏远网点超时订单,乡镇配送超过48小时且网点位置偏远,中,纳入片区线路优化和网点风险评分
D005850,ORD007709,P0184,冷鲜鸡腿2号,B,冷链食品,O032,63.3,1,乡镇偏远网点超时订单,乡镇配送超过48小时且网点位置偏远,中,纳入片区线路优化和网点风险评分
D002239,ORD006610,P0039,茶饮料1号,C,零食饮料,O048,63.2,1,普通配送超时订单,配送时长超过48小时,中,核查配送线路和签收节点
D007538,ORD003421,P0013,东北大米3号,B,生鲜粮油,O023,63.2,1,普通配送超时订单,配送时长超过48小时,中,核查配送线路和签收节点
D004204,ORD004764,P0185,酸奶2号,B,冷链食品,O058,63.2,1,普通配送超时订单,配送时长超过48小时,中,核查配送线路和签收节点
D001125,ORD002374,P0164,蘑菇2号,B,农产品,O048,63.1,1,普通配送超时订单,配送时长超过48小时,中,核查配送线路和签收节点
D002795,ORD006729,P0198,速冻馄饨4号,A,冷链食品,O031,63.1,1,普通配送超时订单,配送时长超过48小时,中,核查配送线路和签收节点
D004548,ORD006122,P0022,小麦面粉4号,B,生鲜粮油,O035,63.0,1,普通配送超时订单,配送时长超过48小时,中,核查配送线路和签收节点
D003224,ORD003594,P0086,洗衣液4号,B,日用品,O047,63.0,1,普通配送超时订单,配送时长超过48小时,中,核查配送线路和签收节点
D006001,ORD006012,P0161,土豆2号,C,农产品,O032,63.0,1,普通配送超时订单,配送时长超过48小时,中,核查配送线路和签收节点
D005820,ORD002271,P0019,东北大米4号,A,生鲜粮油,O021,62.9,1,普通配送超时订单,配送时长超过48小时,中,核查配送线路和签收节点
D000082,ORD003291,P0029,玉米糁5号,B,生鲜粮油,O039,62.9,1,普通配送超时订单,配送时长超过48小时,中,核查配送线路和签收节点
D004201,ORD005867,P0011,玉米糁2号,A,生鲜粮油,O029,62.9,1,普通配送超时订单,配送时长超过48小时,中,核查配送线路和签收节点
D007676,ORD001370,P0169,苹果3号,A,农产品,O060,62.9,1,普通配送超时订单,配送时长超过48小时,中,核查配送线路和签收节点
D007060,ORD003137,P0001,东北大米1号,B,生鲜粮油,O041,62.9,1,普通配送超时订单,配送时长超过48小时,中,核查配送线路和签收节点
D003577,ORD000215,P0196,冷鲜鸡腿4号,A,冷链食品,O038,62.8,1,普通配送超时订单,配送时长超过48小时,中,核查配送线路和签收节点
D003222,ORD004864,P0019,东北大米4号,A,生鲜粮油,O058,62.8,1,普通配送超时订单,配送时长超过48小时,中,核查配送线路和签收节点
D004243,ORD006577,P0007,东北大米2号,C,生鲜粮油,O029,62.8,1,普通配送超时订单,配送时长超过48小时,中,核查配送线路和签收节点
D002279,ORD007025,P0009,鸡蛋2号,B,生鲜粮油,O047,62.8,1,普通配送超时订单,配送时长超过48小时,中,核查配送线路和签收节点
D006887,ORD000303,P0059,饼干5号,C,零食饮料,O032,62.8,1,普通配送超时订单,配送时长超过48小时,中,核查配送线路和签收节点
D000885,ORD002227,P0169,苹果3号,A,农产品,O025,62.8,1,普通配送超时订单,配送时长超过48小时,中,核查配送线路和签收节点
D003648,ORD007205,P0025,东北大米5号,C,生鲜粮油,O047,62.7,1,普通配送超时订单,配送时长超过48小时,中,核查配送线路和签收节点
D006989,ORD004674,P0038,坚果1号,B,零食饮料,O038,62.7,1,普通配送超时订单,配送时长超过48小时,中,核查配送线路和签收节点
D000797,ORD003928,P0028,小麦面粉5号,B,生鲜粮油,O038,62.7,1,普通配送超时订单,配送时长超过48小时,中,核查配送线路和签收节点
D007252,ORD000396,P0046,山楂糕2号,C,零食饮料,O041,62.6,1,普通配送超时订单,配送时长超过48小时,中,核查配送线路和签收节点
D004561,ORD000019,P0065,饼干6号,B,零食饮料,O058,62.5,1,普通配送超时订单,配送时长超过48小时,中,核查配送线路和签收节点
D005930,ORD007426,P0025,东北大米5号,C,生鲜粮油,O039,62.5,1,普通配送超时订单,配送时长超过48小时,中,核查配送线路和签收节点
D006852,ORD006230,P0158,蘑菇1号,B,农产品,O043,62.5,1,普通配送超时订单,配送时长超过48小时,中,核查配送线路和签收节点
D000162,ORD007679,P0171,鲜玉米4号,C,农产品,O026,62.5,1,普通配送超时订单,配送时长超过48小时,中,核查配送线路和签收节点
D005388,ORD004154,P0196,冷鲜鸡腿4号,A,冷链食品,O037,62.4,1,普通配送超时订单,配送时长超过48小时,中,核查配送线路和签收节点
D007580,ORD002736,P0157,苹果1号,A,农产品,O048,62.4,1,普通配送超时订单,配送时长超过48小时,中,核查配送线路和签收节点
D007822,ORD000503,P0164,蘑菇2号,B,农产品,O037,62.4,1,普通配送超时订单,配送时长超过48小时,中,核查配送线路和签收节点
D005652,ORD001317,P0158,蘑菇1号,B,农产品,O029,62.4,1,普通配送超时订单,配送时长超过48小时,中,核查配送线路和签收节点
D000636,ORD003568,P0026,花生油5号,A,生鲜粮油,O044,62.4,1,普通配送超时订单,配送时长超过48小时,中,核查配送线路和签收节点
D000869,ORD006276,P0030,杂粮包5号,A,生鲜粮油,O036,62.3,1,普通配送超时订单,配送时长超过48小时,中,核查配送线路和签收节点
D004588,ORD004933,P0126,汤锅5号,C,厨具,O048,62.3,1,普通配送超时订单,配送时长超过48小时,中,核查配送线路和签收节点
D005007,ORD004967,P0198,速冻馄饨4号,A,冷链食品,O041,62.3,1,普通配送超时订单,配送时长超过48小时,中,核查配送线路和签收节点
D007578,ORD000955,P0191,酸奶3号,A,冷链食品,O060,62.3,1,普通配送超时订单,配送时长超过48小时,中,核查配送线路和签收节点
D000188,ORD001700,P0027,鸡蛋5号,A,生鲜粮油,O022,62.3,1,普通配送超时订单,配送时长超过48小时,中,核查配送线路和签收节点
D004336,ORD007538,P0092,洗衣液5号,C,日用品,O039,62.2,1,普通配送超时订单,配送时长超过48小时,中,核查配送线路和签收节点
D006239,ORD000629,P0147,净水器滤芯4号,C,小家电配件,O046,62.2,1,普通配送超时订单,配送时长超过48小时,中,核查配送线路和签收节点
D006615,ORD004107,P0029,玉米糁5号,B,生鲜粮油,O043,62.2,1,普通配送超时订单,配送时长超过48小时,中,核查配送线路和签收节点
D006785,ORD002552,P0177,冷冻水饺1号,C,冷链食品,O035,62.2,1,普通配送超时订单,配送时长超过48小时,中,核查配送线路和签收节点
D002133,ORD002674,P0196,冷鲜鸡腿4号,A,冷链食品,O041,62.2,1,普通配送超时订单,配送时长超过48小时,中,核查配送线路和签收节点
D004719,ORD003831,P0175,苹果4号,B,农产品,O042,62.2,1,普通配送超时订单,配送时长超过48小时,中,核查配送线路和签收节点
D004896,ORD002644,P0174,西红柿4号,B,农产品,O033,62.1,1,普通配送超时订单,配送时长超过48小时,中,核查配送线路和签收节点
D003953,ORD003584,P0009,鸡蛋2号,B,生鲜粮油,O033,62.1,1,普通配送超时订单,配送时长超过48小时,中,核查配送线路和签收节点
D005819,ORD001440,P0160,红薯2号,B,农产品,O043,62.1,1,普通配送超时订单,配送时长超过48小时,中,核查配送线路和签收节点
D004106,ORD003403,P0161,土豆2号,C,农产品,O025,62.0,1,普通配送超时订单,配送时长超过48小时,中,核查配送线路和签收节点
D005241,ORD005243,P0070,牙膏1号,C,日用品,O026,62.0,1,普通配送超时订单,配送时长超过48小时,中,核查配送线路和签收节点
D005937,ORD003454,P0173,土豆4号,A,农产品,O032,62.0,1,普通配送超时订单,配送时长超过48小时,中,核查配送线路和签收节点
D006458,ORD004409,P0028,小麦面粉5号,B,生鲜粮油,O041,62.0,1,普通配送超时订单,配送时长超过48小时,中,核查配送线路和签收节点
D007158,ORD000895,P0072,洗洁精1号,C,日用品,O053,62.0,1,普通配送超时订单,配送时长超过48小时,中,核查配送线路和签收节点
D004502,ORD004916,P0005,玉米糁1号,A,生鲜粮油,O045,61.9,1,普通配送超时订单,配送时长超过48小时,中,核查配送线路和签收节点
D006124,ORD001797,P0160,红薯2号,B,农产品,O037,61.9,1,普通配送超时订单,配送时长超过48小时,中,核查配送线路和签收节点
D004331,ORD004462,P0184,冷鲜鸡腿2号,B,冷链食品,O056,61.9,1,普通配送超时订单,配送时长超过48小时,中,核查配送线路和签收节点
D003074,ORD005660,P0036,果汁1号,B,零食饮料,O045,61.8,1,普通配送超时订单,配送时长超过48小时,中,核查配送线路和签收节点
D003471,ORD000301,P0061,矿泉水5号,C,零食饮料,O048,61.8,1,普通配送超时订单,配送时长超过48小时,中,核查配送线路和签收节点
D005910,ORD005777,P0117,饭盒3号,C,厨具,O038,61.8,1,普通配送超时订单,配送时长超过48小时,中,核查配送线路和签收节点
D003737,ORD004372,P0063,茶饮料5号,C,零食饮料,O056,61.8,1,普通配送超时订单,配送时长超过48小时,中,核查配送线路和签收节点
D002824,ORD001655,P0053,饼干4号,B,零食饮料,O051,61.7,1,普通配送超时订单,配送时长超过48小时,中,核查配送线路和签收节点
D000968,ORD004754,P0091,抽纸5号,B,日用品,O029,61.7,1,普通配送超时订单,配送时长超过48小时,中,核查配送线路和签收节点
D002808,ORD007806,P0071,毛巾1号,C,日用品,O053,61.7,1,普通配送超时订单,配送时长超过48小时,中,核查配送线路和签收节点
D001834,ORD005426,P0016,小麦面粉3号,C,生鲜粮油,O049,61.7,1,普通配送超时订单,配送时长超过48小时,中,核查配送线路和签收节点
D000940,ORD007222,P0020,花生油4号,A,生鲜粮油,O035,61.6,1,普通配送超时订单,配送时长超过48小时,中,核查配送线路和签收节点
D006695,ORD005869,P0188,冷冻汤圆2号,A,冷链食品,O047,61.6,1,普通配送超时订单,配送时长超过48小时,中,核查配送线路和签收节点
D003134,ORD005826,P0096,洗洁精5号,B,日用品,O044,61.6,1,普通配送超时订单,配送时长超过48小时,中,核查配送线路和签收节点
D003652,ORD002973,P0182,冷冻汤圆1号,B,冷链食品,O028,61.6,1,普通配送超时订单,配送时长超过48小时,中,核查配送线路和签收节点
D001502,ORD001993,P0156,西红柿1号,B,农产品,O047,61.5,1,普通配送超时订单,配送时长超过48小时,中,核查配送线路和签收节点
D003748,ORD006180,P0068,洗衣液1号,B,日用品,O038,61.5,1,普通配送超时订单,配送时长超过48小时,中,核查配送线路和签收节点
D006254,ORD007668,P0198,速冻馄饨4号,A,冷链食品,O060,61.5,1,普通配送超时订单,配送时长超过48小时,中,核查配送线路和签收节点
D001195,ORD002358,P0051,茶饮料3号,C,零食饮料,O023,61.4,1,普通配送超时订单,配送时长超过48小时,中,核查配送线路和签收节点
