time,module,operator,action,input_files,output_file,status,remark
2026-06-16 22:17:23,模块四,学生4：大模型经营决策工程师,生成经营问答回答,为什么这个月利润下降？,llm_response_mock.txt,success,页面预览
2026-06-16 23:27:46,模块四,学生4：大模型经营决策工程师,构建RAG经营知识库,仓储管理制度.txt;低空应急配送启用条件.txt;库存预警处理制度.txt;退货处理流程.txt;配送超时处理规范.txt;data_quality_report.csv;product_base_metrics.csv;outlet_metrics.csv;abc_summary.csv;abc_result.csv;forecast_result.csv;inventory_warning.csv;purchase_advice.csv;clearance_advice.csv;high_priority_products.csv;delivery_exception_result.csv;outlet_exception_summary.csv;outlet_risk_score.csv;cluster_result.csv;launch_candidates.csv;launch_points.csv;route_candidates.csv;route_assignment.csv,rag_knowledge_base.csv,success,知识条目32条
2026-06-16 23:27:46,模块四,学生4：大模型经营决策工程师,执行RAG知识召回,csfsg,rag_retrieval_preview.csv,success,TopK=4
2026-06-16 23:27:46,模块四,学生4：大模型经营决策工程师,生成经营问答回答,csfsg,llm_response_mock.txt,success,页面预览
2026-06-16 23:32:05,模块四,学生4：大模型经营决策工程师,接收前三模块结果,20个文件,management_summary.csv,success,核心经营指标已汇总
2026-06-16 23:32:11,模块四,学生4：大模型经营决策工程师,检查文件完整性,20个文件,file_status,success,已完成
2026-06-16 23:32:20,模块四,学生4：大模型经营决策工程师,接收前三模块结果,20个文件,management_summary.csv,success,核心经营指标已汇总
2026-06-16 23:32:34,模块四,学生4：大模型经营决策工程师,构建RAG经营知识库,仓储管理制度.txt;低空应急配送启用条件.txt;库存预警处理制度.txt;退货处理流程.txt;配送超时处理规范.txt;abc_summary.csv;inventory_warning.csv;outlet_risk_score.csv;route_assignment.csv,rag_knowledge_base.csv,success,知识条目18条
2026-06-16 23:32:38,模块四,学生4：大模型经营决策工程师,执行RAG知识召回,为什么这个月利润下降？,rag_retrieval_preview.csv,success,TopK=4
2026-06-16 23:33:09,模块四,学生4：大模型经营决策工程师,执行RAG知识召回,哪些商品需要优先补货？,rag_retrieval_preview.csv,success,TopK=4
2026-06-16 23:33:09,模块四,学生4：大模型经营决策工程师,生成经营问答回答,哪些商品需要优先补货？,llm_response_mock.txt,success,页面预览
2026-06-16 23:33:14,模块四,学生4：大模型经营决策工程师,执行RAG知识召回,3636,rag_retrieval_preview.csv,success,TopK=4
2026-06-16 23:33:14,模块四,学生4：大模型经营决策工程师,生成经营问答回答,3636,llm_response_mock.txt,success,页面预览
2026-06-17 20:51:37,模块四,学生4：大模型经营决策工程师,接收前三模块结果,20个文件,management_summary.csv,success,核心经营指标已汇总
2026-06-17 20:51:43,模块四,学生4：大模型经营决策工程师,检查文件完整性,20个文件,file_status,success,已完成
2026-06-17 20:52:01,模块四,学生4：大模型经营决策工程师,接收前三模块结果,20个文件,management_summary.csv,success,核心经营指标已汇总
2026-06-17 21:04:12,模块四,学生4：大模型经营决策工程师,构建RAG经营知识库,仓储管理制度.txt;低空应急配送启用条件.txt;库存预警处理制度.txt;退货处理流程.txt;配送超时处理规范.txt;abc_summary.csv;inventory_warning.csv;outlet_risk_score.csv;route_assignment.csv,rag_knowledge_base.csv,success,知识条目18条
2026-06-17 21:04:12,模块四,学生4：大模型经营决策工程师,接收前三模块结果,20个文件,management_summary.csv,success,核心经营指标已汇总
2026-06-17 21:08:26,模块四,学生4：大模型经营决策工程师,构建RAG经营知识库,仓储管理制度.txt;低空应急配送启用条件.txt;库存预警处理制度.txt;退货处理流程.txt;配送超时处理规范.txt;abc_summary.csv;inventory_warning.csv;outlet_risk_score.csv;route_assignment.csv,rag_knowledge_base.csv,success,知识条目18条
2026-06-17 21:08:26,模块四,学生4：大模型经营决策工程师,接收前三模块结果,20个文件,management_summary.csv,success,核心经营指标已汇总
2026-06-17 21:20:09,模块四,学生4：大模型经营决策工程师,构建RAG经营知识库,仓储管理制度.txt;低空应急配送启用条件.txt;库存预警处理制度.txt;退货处理流程.txt;配送超时处理规范.txt;abc_summary.csv;inventory_warning.csv;outlet_risk_score.csv;route_assignment.csv,rag_knowledge_base.csv,success,知识条目18条
2026-06-17 21:20:58,模块四,学生4：大模型经营决策工程师,构建RAG经营知识库,仓储管理制度.txt;低空应急配送启用条件.txt;库存预警处理制度.txt;退货处理流程.txt;配送超时处理规范.txt;abc_summary.csv;inventory_warning.csv;outlet_risk_score.csv;route_assignment.csv,rag_knowledge_base.csv,success,知识条目18条
2026-06-17 21:21:32,模块四,学生4：大模型经营决策工程师,执行RAG知识召回,为什么这个月利润下降？,rag_retrieval_preview.csv,success,TopK=4
2026-06-17 21:21:39,模块四,学生4：大模型经营决策工程师,执行RAG知识召回,哪些库存问题需要优先处理？,rag_retrieval_preview.csv,success,TopK=4
2026-06-17 21:21:47,模块四,学生4：大模型经营决策工程师,执行RAG知识召回,哪些乡镇网点配送风险较高？,rag_retrieval_preview.csv,success,TopK=4
2026-06-17 21:21:59,模块四,学生4：大模型经营决策工程师,接收前三模块结果,20个文件,management_summary.csv,success,核心经营指标已汇总
2026-06-17 21:22:03,模块四,学生4：大模型经营决策工程师,构建RAG经营知识库,仓储管理制度.txt;低空应急配送启用条件.txt;库存预警处理制度.txt;退货处理流程.txt;配送超时处理规范.txt;abc_summary.csv;inventory_warning.csv;outlet_risk_score.csv;route_assignment.csv,rag_knowledge_base.csv,success,知识条目18条
2026-06-17 21:22:15,模块四,学生4：大模型经营决策工程师,执行RAG知识召回,为什么这个月利润下降？,rag_retrieval_preview.csv,success,TopK=4
2026-06-17 21:22:18,模块四,学生4：大模型经营决策工程师,构建RAG经营知识库,仓储管理制度.txt;低空应急配送启用条件.txt;库存预警处理制度.txt;退货处理流程.txt;配送超时处理规范.txt;abc_summary.csv;inventory_warning.csv;outlet_risk_score.csv;route_assignment.csv,rag_knowledge_base.csv,success,知识条目18条
2026-06-17 21:23:02,模块四,学生4：大模型经营决策工程师,接收前三模块结果,20个文件,management_summary.csv,success,核心经营指标已汇总
2026-06-17 21:26:26,模块四,学生4：大模型经营决策工程师,接收前三模块结果,20个文件,management_summary.csv,success,核心经营指标已汇总
2026-06-17 21:26:43,模块四,学生4：大模型经营决策工程师,构建RAG经营知识库,仓储管理制度.txt;低空应急配送启用条件.txt;库存预警处理制度.txt;退货处理流程.txt;配送超时处理规范.txt;abc_summary.csv;inventory_warning.csv;outlet_risk_score.csv;route_assignment.csv,rag_knowledge_base.csv,success,知识条目18条
2026-06-17 21:31:16,模块四,学生4：大模型经营决策工程师,接收前三模块结果,20个文件,management_summary.csv,success,核心经营指标已汇总
2026-06-17 21:31:20,模块四,学生4：大模型经营决策工程师,构建RAG经营知识库,仓储管理制度.txt;低空应急配送启用条件.txt;库存预警处理制度.txt;退货处理流程.txt;配送超时处理规范.txt;abc_summary.csv;inventory_warning.csv;outlet_risk_score.csv;route_assignment.csv,rag_knowledge_base.csv,success,知识条目18条
2026-06-17 21:31:32,模块四,学生4：大模型经营决策工程师,执行RAG知识召回,哪些乡镇网点配送风险较高？,rag_retrieval_preview.csv,success,TopK=4
2026-06-17 21:31:48,模块四,学生4：大模型经营决策工程师,执行RAG知识召回,哪些乡镇网点配送风险较高?,rag_retrieval_preview.csv,success,TopK=4
2026-06-17 21:32:02,模块四,学生4：大模型经营决策工程师,执行RAG知识召回,为什么这个月利润下降?,rag_retrieval_preview.csv,success,TopK=4
2026-06-17 21:32:41,模块四,学生4：大模型经营决策工程师,执行RAG知识召回,为什么这个月利润下降？,rag_retrieval_preview.csv,success,TopK=4
2026-06-17 21:32:41,模块四,学生4：大模型经营决策工程师,生成经营问答回答,为什么这个月利润下降？,llm_response_mock.txt,success,页面预览
2026-06-17 21:38:36,模块四,学生4：大模型经营决策工程师,接收前三模块结果,20个文件,management_summary.csv,success,核心经营指标已汇总
2026-06-17 21:38:39,模块四,学生4：大模型经营决策工程师,构建RAG经营知识库,仓储管理制度.txt;低空应急配送启用条件.txt;库存预警处理制度.txt;退货处理流程.txt;配送超时处理规范.txt;abc_summary.csv;inventory_warning.csv;outlet_risk_score.csv;route_assignment.csv,rag_knowledge_base.csv,success,知识条目18条
2026-06-17 21:38:59,模块四,学生4：大模型经营决策工程师,执行RAG知识召回,为什么这个月利润下降？,rag_retrieval_preview.csv,success,TopK=4
2026-06-17 21:38:59,模块四,学生4：大模型经营决策工程师,生成经营问答回答,为什么这个月利润下降？,llm_response_mock.txt,success,页面预览
2026-06-17 21:39:20,模块四,学生4：大模型经营决策工程师,执行RAG知识召回,哪些网点配送风险最高？,rag_retrieval_preview.csv,success,TopK=4
2026-06-17 21:39:20,模块四,学生4：大模型经营决策工程师,生成经营问答回答,哪些网点配送风险最高？,llm_response_mock.txt,success,页面预览
2026-06-17 21:41:04,模块四,学生4：大模型经营决策工程师,接收前三模块结果,20个文件,management_summary.csv,success,核心经营指标已汇总
2026-06-17 21:41:10,模块四,学生4：大模型经营决策工程师,接收前三模块结果,20个文件,management_summary.csv,success,核心经营指标已汇总
2026-06-17 21:41:50,模块四,学生4：大模型经营决策工程师,保存报告提示词,prompt_text,llm_prompt_record.txt,success,综合经营诊断报告
2026-06-17 21:41:50,模块四,学生4：大模型经营决策工程师,提交报告提示词,llm_prompt_record.txt,business_diagnosis_report.md,success,进入模拟分析
2026-06-17 21:42:35,模块四,学生4：大模型经营决策工程师,执行RAG知识召回,为什么这个月利润下降,rag_retrieval_preview.csv,success,TopK=4
2026-06-17 21:42:35,模块四,学生4：大模型经营决策工程师,生成经营问答回答,为什么这个月利润下降,llm_response_mock.txt,success,页面预览
2026-06-17 21:42:41,模块四,学生4：大模型经营决策工程师,执行RAG知识召回,为什么这个月利润下降,rag_retrieval_preview.csv,success,TopK=4
2026-06-17 21:42:41,模块四,学生4：大模型经营决策工程师,生成经营问答回答,为什么这个月利润下降,llm_response_mock.txt,success,页面预览
2026-06-17 21:44:58,模块四,学生4：大模型经营决策工程师,执行大模型模拟分析过程,多模块结果文件,report_outline,success,生成报告大纲
2026-06-17 21:45:19,模块四,学生4：大模型经营决策工程师,生成智能经营诊断报告,多模块结果文件,business_diagnosis_report.md;business_diagnosis_report.html,success,
2026-06-17 21:49:04,模块四,学生4：大模型经营决策工程师,生成智能经营诊断报告,多模块结果文件,business_diagnosis_report.md;business_diagnosis_report.html,success,
2026-06-17 21:49:04,模块四,学生4：大模型经营决策工程师,保存报告提示词,prompt_text,llm_prompt_record.txt,success,综合经营诊断报告
2026-06-17 21:49:04,模块四,学生4：大模型经营决策工程师,保存大模型模拟回答,经营问题,llm_response_mock.txt,success,
2026-06-17 21:49:04,模块四,学生4：大模型经营决策工程师,导出报告与比赛总结,business_diagnosis_report,management_summary.csv;decision_actions.csv;presentation_summary.txt,success,导出完成
2026-06-17 21:49:10,模块四,学生4：大模型经营决策工程师,接收前三模块结果,20个文件,management_summary.csv,success,核心经营指标已汇总
2026-06-17 21:49:56,模块四,学生4：大模型经营决策工程师,构建RAG经营知识库,仓储管理制度.txt;低空应急配送启用条件.txt;库存预警处理制度.txt;退货处理流程.txt;配送超时处理规范.txt;abc_summary.csv;inventory_warning.csv;outlet_risk_score.csv;route_assignment.csv,rag_knowledge_base.csv,success,知识条目18条
2026-06-17 22:01:28,模块四,学生4：大模型经营决策工程师,执行RAG知识召回,销量为何下降,rag_retrieval_preview.csv,success,TopK=4
2026-06-17 22:01:28,模块四,学生4：大模型经营决策工程师,生成经营问答回答,销量为何下降,llm_response_mock.txt,success,页面预览
2026-06-17 22:02:08,模块四,学生4：大模型经营决策工程师,保存报告提示词,prompt_text,llm_prompt_record.txt,success,综合经营诊断报告
2026-06-17 22:02:09,模块四,学生4：大模型经营决策工程师,执行大模型分析过程,多模块结果文件,report_outline,success,生成报告大纲
2026-06-17 22:15:33,模块四,学生4：大模型经营决策工程师,接收前三模块结果,20个文件,management_summary.csv,success,核心经营指标已汇总
2026-06-17 22:15:36,模块四,学生4：大模型经营决策工程师,构建RAG经营知识库,仓储管理制度.txt;低空应急配送启用条件.txt;库存预警处理制度.txt;退货处理流程.txt;配送超时处理规范.txt;abc_summary.csv;inventory_warning.csv;outlet_risk_score.csv;route_assignment.csv,rag_knowledge_base.csv,success,知识条目18条
2026-06-17 22:15:46,模块四,学生4：大模型经营决策工程师,执行RAG知识召回,二个人,rag_retrieval_preview.csv,success,TopK=4
2026-06-17 22:15:46,模块四,学生4：大模型经营决策工程师,生成经营问答回答,二个人,llm_response_mock.txt,success,页面预览
2026-06-17 22:21:12,模块四,学生4：大模型经营决策工程师,保存报告提示词,prompt_text,llm_prompt_record.txt,success,综合经营诊断报告
2026-06-17 22:21:13,模块四,学生4：大模型经营决策工程师,执行大模型分析过程,多模块结果文件,report_outline,success,生成报告大纲
2026-06-17 22:43:03,模块四,学生4：大模型经营决策工程师,AI生成经营决策方案,优先降低配送超时,decision_actions.csv,success,7天应急处理
2026-06-17 23:29:45,模块四,学生4：大模型经营决策工程师,AI生成三套经营方案,乡镇配送超时严重,decision_plan_compare.csv;expert_consultation.csv,success,7天应急处理
2026-06-18 08:36:48,模块四,学生4：大模型经营决策工程师,执行RAG知识召回,为人父,rag_retrieval_preview.csv,success,TopK=4
2026-06-18 08:36:48,模块四,学生4：大模型经营决策工程师,生成经营问答回答,为人父,llm_response_mock.txt,success,页面预览
2026-06-18 08:37:19,模块四,学生4：大模型经营决策工程师,接收前三模块结果,20个文件,management_summary.csv,success,核心经营指标已汇总
2026-06-18 08:37:24,模块四,学生4：大模型经营决策工程师,构建RAG经营知识库,仓储管理制度.txt;低空应急配送启用条件.txt;库存预警处理制度.txt;退货处理流程.txt;配送超时处理规范.txt;abc_summary.csv;inventory_warning.csv;outlet_risk_score.csv;route_assignment.csv,rag_knowledge_base.csv,success,知识条目18条
2026-06-18 08:38:02,模块四,学生4：大模型经营决策工程师,保存报告提示词,prompt_text,llm_prompt_record.txt,success,低空应急配送报告
2026-06-18 08:38:03,模块四,学生4：大模型经营决策工程师,执行大模型分析过程,多模块结果文件,report_outline,success,生成报告大纲
2026-06-18 08:41:03,模块四,学生4：大模型经营决策工程师,AI生成三套经营方案,A类商品缺货风险,decision_plan_compare.csv;expert_consultation.csv,success,7天应急处理
2026-06-18 08:44:15,模块四,学生4：大模型经营决策工程师,AI生成三套经营方案,A类商品缺货风险,decision_plan_compare.csv;expert_consultation.csv,success,7天应急处理
2026-06-18 08:54:21,模块四,学生4：大模型经营决策工程师,确认AI经营决策方案,保守方案,decision_record.txt;department_action_tasks.csv,success,A类商品缺货风险
2026-06-18 08:54:46,模块四,学生4：大模型经营决策工程师,AI生成三套经营方案,A类商品缺货风险,decision_plan_compare.csv;expert_consultation.csv,success,7天应急处理
2026-06-18 08:58:46,模块四,学生4：大模型经营决策工程师,AI生成三套经营方案,乡镇配送超时严重,decision_plan_compare.csv;expert_consultation.csv,success,7天应急处理
2026-06-18 09:04:02,模块四,学生4：大模型经营决策工程师,接收前三模块结果,20个文件,management_summary.csv,success,核心经营指标已汇总
2026-06-18 09:06:54,模块四,学生4：大模型经营决策工程师,优化报告提示词,请帮我生成一份企业经营诊断报告，说明库存、配送和低空配送试点建议。,llm_prompt_record.txt,success,库存优化报告
2026-06-18 09:07:25,模块四,学生4：大模型经营决策工程师,保存报告提示词,prompt_text,llm_prompt_record.txt,success,库存优化报告
2026-06-18 09:07:26,模块四,学生4：大模型经营决策工程师,执行大模型分析过程,多模块结果文件,report_outline,success,生成报告大纲
2026-06-18 09:07:30,模块四,学生4：大模型经营决策工程师,生成智能经营诊断报告,多模块结果文件,business_diagnosis_report.md;business_diagnosis_report.html,success,
2026-06-18 09:13:03,模块四,学生4：大模型经营决策工程师,AI生成三套经营方案,库存资金占用过高,decision_plan_compare.csv;expert_consultation.csv,success,7天应急处理
2026-06-18 09:13:58,模块四,学生4：大模型经营决策工程师,确认AI经营决策方案,保守方案,decision_record.txt;department_action_tasks.csv,success,库存资金占用过高
2026-06-18 09:14:27,模块四,学生4：大模型经营决策工程师,AI生成三套经营方案,库存资金占用过高,decision_plan_compare.csv;expert_consultation.csv,success,7天应急处理
2026-06-18 09:14:29,模块四,学生4：大模型经营决策工程师,确认AI经营决策方案,保守方案,decision_record.txt;department_action_tasks.csv,success,库存资金占用过高
2026-06-18 09:18:04,模块四,学生4：大模型经营决策工程师,AI生成三套经营方案,库存资金占用过高,decision_plan_compare.csv;expert_consultation.csv,success,7天应急处理
2026-06-18 09:18:17,模块四,学生4：大模型经营决策工程师,确认AI经营决策方案,保守方案,decision_record.txt;department_action_tasks.csv,success,库存资金占用过高
2026-06-18 09:20:39,模块四,学生4：大模型经营决策工程师,AI生成三套经营方案,库存资金占用过高,decision_plan_compare.csv;expert_consultation.csv,success,7天应急处理
2026-06-18 09:24:05,模块四,学生4：大模型经营决策工程师,AI生成三套经营方案,库存资金占用过高,decision_plan_compare.csv;expert_consultation.csv,success,7天应急处理
2026-06-18 09:42:35,模块四,学生4：大模型经营决策工程师,接收前三模块结果,20个文件,management_summary.csv,success,核心经营指标已汇总
2026-06-18 10:12:48,模块四,学生4：大模型经营决策工程师,接收前三模块结果,20个文件,management_summary.csv,success,核心经营指标已汇总
2026-06-18 10:13:18,模块四,学生4：大模型经营决策工程师,执行RAG知识召回,哪些商品应该清仓,rag_retrieval_preview.csv,success,TopK=4
2026-06-18 10:13:18,模块四,学生4：大模型经营决策工程师,生成经营问答回答,哪些商品应该清仓,llm_response_mock.txt,success,页面预览
2026-06-18 10:14:26,模块四,学生4：大模型经营决策工程师,执行RAG知识召回,哪些网点配送风险高,rag_retrieval_preview.csv,success,TopK=4
2026-06-18 10:14:26,模块四,学生4：大模型经营决策工程师,生成经营问答回答,哪些网点配送风险高,llm_response_mock.txt,success,页面预览
2026-06-18 18:57:38,模块四,学生4：大模型经营决策工程师,接收前三模块结果,20个文件,management_summary.csv,success,核心经营指标已汇总
2026-06-18 18:59:48,模块四,学生4：大模型经营决策工程师,构建RAG经营知识库,仓储管理制度.txt;低空应急配送启用条件.txt;库存预警处理制度.txt;退货处理流程.txt;配送超时处理规范.txt;abc_summary.csv;inventory_warning.csv;outlet_risk_score.csv;route_assignment.csv,rag_knowledge_base.csv,success,知识条目19条
2026-06-18 18:59:54,模块四,学生4：大模型经营决策工程师,构建RAG经营知识库,仓储管理制度.txt;低空应急配送启用条件.txt;库存预警处理制度.txt;退货处理流程.txt;配送超时处理规范.txt;abc_summary.csv;inventory_warning.csv;outlet_risk_score.csv;route_assignment.csv,rag_knowledge_base.csv,success,知识条目19条
2026-06-18 19:00:08,模块四,学生4：大模型经营决策工程师,接收前三模块结果,20个文件,management_summary.csv,success,核心经营指标已汇总
2026-06-18 19:00:16,模块四,学生4：大模型经营决策工程师,构建RAG经营知识库,仓储管理制度.txt;低空应急配送启用条件.txt;库存预警处理制度.txt;退货处理流程.txt;配送超时处理规范.txt;abc_summary.csv;inventory_warning.csv;outlet_risk_score.csv;route_assignment.csv,rag_knowledge_base.csv,success,知识条目31条
2026-06-18 19:01:07,模块四,学生4：大模型经营决策工程师,执行RAG知识召回,库存如何,rag_retrieval_preview.csv,success,TopK=0
2026-06-18 19:01:07,模块四,学生4：大模型经营决策工程师,生成经营问答回答,库存如何,llm_response_mock.txt,success,页面预览
2026-06-18 19:01:27,模块四,学生4：大模型经营决策工程师,执行RAG知识召回,本月利润下降原因,rag_retrieval_preview.csv,success,TopK=0
2026-06-18 19:01:27,模块四,学生4：大模型经营决策工程师,生成经营问答回答,本月利润下降原因,llm_response_mock.txt,success,页面预览
2026-06-18 19:40:45,模块四,学生4：大模型经营决策工程师,执行RAG知识召回,哪些产品应该及时清仓,rag_retrieval_preview.csv,success,TopK=4
2026-06-18 19:40:45,模块四,学生4：大模型经营决策工程师,生成经营问答回答,哪些产品应该及时清仓,llm_response_mock.txt,success,页面预览
2026-06-18 19:40:56,模块四,学生4：大模型经营决策工程师,执行RAG知识召回,哪些产品应该及时清仓,rag_retrieval_preview.csv,success,TopK=4
2026-06-18 19:40:56,模块四,学生4：大模型经营决策工程师,生成经营问答回答,哪些产品应该及时清仓,llm_response_mock.txt,success,页面预览
2026-06-18 19:43:26,模块四,学生4：大模型经营决策工程师,执行RAG知识召回,哪些产品应该及时清仓,rag_retrieval_preview.csv,success,TopK=4
2026-06-18 19:43:26,模块四,学生4：大模型经营决策工程师,生成经营问答回答,哪些产品应该及时清仓,llm_response_mock.txt,success,页面预览
2026-06-18 19:43:38,模块四,学生4：大模型经营决策工程师,执行RAG知识召回,哪些产品应该及时清仓,rag_retrieval_preview.csv,success,TopK=4
2026-06-18 19:43:38,模块四,学生4：大模型经营决策工程师,生成经营问答回答,哪些产品应该及时清仓,llm_response_mock.txt,success,页面预览
2026-06-18 19:43:58,模块四,学生4：大模型经营决策工程师,接收前三模块结果,20个文件,management_summary.csv,success,核心经营指标已汇总
2026-06-18 19:44:07,模块四,学生4：大模型经营决策工程师,构建RAG经营知识库,仓储管理制度.txt;低空应急配送启用条件.txt;库存预警处理制度.txt;退货处理流程.txt;配送超时处理规范.txt;abc_summary.csv;inventory_warning.csv;outlet_risk_score.csv;route_assignment.csv,rag_knowledge_base.csv,success,知识条目24条
2026-06-18 19:44:40,模块四,学生4：大模型经营决策工程师,执行RAG知识召回,哪些产品应该及时清仓,rag_retrieval_preview.csv,success,TopK=1
2026-06-18 19:44:40,模块四,学生4：大模型经营决策工程师,生成经营问答回答,哪些产品应该及时清仓,llm_response_mock.txt,success,页面预览
2026-06-18 19:45:39,模块四,学生4：大模型经营决策工程师,执行RAG知识召回,哪些网点配送风险高？,rag_retrieval_preview.csv,success,TopK=1
2026-06-18 19:45:39,模块四,学生4：大模型经营决策工程师,生成经营问答回答,哪些网点配送风险高？,llm_response_mock.txt,success,页面预览
2026-06-18 19:47:02,模块四,学生4：大模型经营决策工程师,优化报告提示词,请生成一份企业经营诊断报告，重点说明库存积压、A类商品缺货、配送异常和低空应急配送建议。,llm_prompt_record.txt,success,库存优化报告
2026-06-18 19:47:18,模块四,学生4：大模型经营决策工程师,保存报告提示词,prompt_text,llm_prompt_record.txt,success,库存优化报告
2026-06-18 19:47:19,模块四,学生4：大模型经营决策工程师,执行大模型分析过程,多模块结果文件,report_outline,success,生成报告大纲
2026-06-18 19:47:30,模块四,学生4：大模型经营决策工程师,生成智能经营诊断报告,多模块结果文件,business_diagnosis_report.md;business_diagnosis_report.html,success,
2026-06-18 19:49:51,模块四,学生4：大模型经营决策工程师,AI生成三套经营方案,A类商品缺货风险,decision_plan_compare.csv;expert_consultation.csv,success,7天应急处理
2026-06-18 19:51:34,模块四,学生4：大模型经营决策工程师,确认AI经营决策方案,均衡方案,decision_record.txt;department_action_tasks.csv,success,A类商品缺货风险
2026-06-18 22:14:05,模块四,学生4：大模型经营决策工程师,接收前三模块结果,20个文件,management_summary.csv,success,核心经营指标已汇总
2026-06-18 22:14:13,模块四,学生4：大模型经营决策工程师,接收前三模块结果,20个文件,management_summary.csv,success,核心经营指标已汇总
2026-06-18 22:14:18,模块四,学生4：大模型经营决策工程师,接收前三模块结果,20个文件,management_summary.csv,success,核心经营指标已汇总
2026-06-18 22:54:22,模块四,学生4：大模型经营决策工程师,构建RAG经营知识库,仓储管理制度.txt;低空应急配送启用条件.txt;库存预警处理制度.txt;退货处理流程.txt;配送超时处理规范.txt;abc_summary.csv;inventory_warning.csv;outlet_risk_score.csv;route_assignment.csv,rag_knowledge_base.csv,success,知识条目19条
2026-06-18 22:56:11,模块四,学生4：大模型经营决策工程师,执行RAG知识召回,二哥个人,rag_retrieval_preview.csv,success,TopK=0
2026-06-18 22:56:11,模块四,学生4：大模型经营决策工程师,生成经营问答回答,二哥个人,llm_response_mock.txt,success,页面预览
2026-06-18 22:56:20,模块四,学生4：大模型经营决策工程师,接收前三模块结果,20个文件,management_summary.csv,success,核心经营指标已汇总
2026-06-18 22:56:23,模块四,学生4：大模型经营决策工程师,构建RAG经营知识库,仓储管理制度.txt;低空应急配送启用条件.txt;库存预警处理制度.txt;退货处理流程.txt;配送超时处理规范.txt;abc_summary.csv;inventory_warning.csv;outlet_risk_score.csv;route_assignment.csv,rag_knowledge_base.csv,success,知识条目31条
2026-06-18 22:56:28,模块四,学生4：大模型经营决策工程师,接收前三模块结果,20个文件,management_summary.csv,success,核心经营指标已汇总
2026-06-18 22:56:51,模块四,学生4：大模型经营决策工程师,接收前三模块结果,20个文件,management_summary.csv,success,核心经营指标已汇总
2026-06-18 22:56:53,模块四,学生4：大模型经营决策工程师,构建RAG经营知识库,仓储管理制度.txt;低空应急配送启用条件.txt;库存预警处理制度.txt;退货处理流程.txt;配送超时处理规范.txt;abc_summary.csv;inventory_warning.csv;outlet_risk_score.csv;route_assignment.csv,rag_knowledge_base.csv,success,知识条目31条
2026-06-18 22:57:14,模块四,学生4：大模型经营决策工程师,接收前三模块结果,20个文件,management_summary.csv,success,核心经营指标已汇总
2026-06-18 22:57:15,模块四,学生4：大模型经营决策工程师,构建RAG经营知识库,仓储管理制度.txt;低空应急配送启用条件.txt;库存预警处理制度.txt;退货处理流程.txt;配送超时处理规范.txt;abc_summary.csv;inventory_warning.csv;outlet_risk_score.csv;route_assignment.csv,rag_knowledge_base.csv,success,知识条目31条
2026-06-18 22:57:21,模块四,学生4：大模型经营决策工程师,执行RAG知识召回,次卧完全的,rag_retrieval_preview.csv,success,TopK=0
2026-06-18 22:57:21,模块四,学生4：大模型经营决策工程师,生成经营问答回答,次卧完全的,llm_response_mock.txt,success,页面预览
2026-06-18 22:58:55,模块四,学生4：大模型经营决策工程师,接收前三模块结果,20个文件,management_summary.csv,success,核心经营指标已汇总
2026-06-18 22:58:57,模块四,学生4：大模型经营决策工程师,构建RAG经营知识库,仓储管理制度.txt;低空应急配送启用条件.txt;库存预警处理制度.txt;退货处理流程.txt;配送超时处理规范.txt;abc_summary.csv;inventory_warning.csv;outlet_risk_score.csv;route_assignment.csv,rag_knowledge_base.csv,success,知识条目31条
2026-06-18 22:59:17,模块四,学生4：大模型经营决策工程师,执行RAG知识召回,哪些产品应该及时清仓,rag_retrieval_preview.csv,success,TopK=0
2026-06-18 22:59:17,模块四,学生4：大模型经营决策工程师,生成经营问答回答,哪些产品应该及时清仓,llm_response_mock.txt,success,页面预览
2026-06-18 23:00:48,模块四,学生4：大模型经营决策工程师,优化报告提示词,,llm_prompt_record.txt,success,库存优化报告
2026-06-18 23:01:09,模块四,学生4：大模型经营决策工程师,保存报告提示词,prompt_text,llm_prompt_record.txt,success,库存优化报告
2026-06-18 23:01:10,模块四,学生4：大模型经营决策工程师,执行大模型分析过程,多模块结果文件,report_outline,success,生成报告大纲
2026-06-18 23:01:18,模块四,学生4：大模型经营决策工程师,生成智能经营诊断报告,多模块结果文件,business_diagnosis_report.md;business_diagnosis_report.html,success,
2026-06-18 23:02:52,模块四,学生4：大模型经营决策工程师,AI生成三套经营方案,库存资金占用过高,decision_plan_compare.csv;expert_consultation.csv,success,7天应急处理
2026-06-18 23:02:59,模块四,学生4：大模型经营决策工程师,确认AI经营决策方案,保守方案,decision_record.txt;department_action_tasks.csv,success,库存资金占用过高
2026-06-18 23:03:04,模块四,学生4：大模型经营决策工程师,确认AI经营决策方案,保守方案,decision_record.txt;department_action_tasks.csv,success,库存资金占用过高
2026-06-18 23:14:06,模块四,学生4：大模型经营决策工程师,接收前三模块结果,20个文件,management_summary.csv,success,核心经营指标已汇总
2026-06-18 23:14:43,模块四,学生4：大模型经营决策工程师,接收前三模块结果,20个文件,management_summary.csv,success,核心经营指标已汇总
2026-06-18 23:15:09,模块四,学生4：大模型经营决策工程师,构建RAG经营知识库,仓储管理制度.txt;低空应急配送启用条件.txt;库存预警处理制度.txt;退货处理流程.txt;配送超时处理规范.txt;product_base_metrics.csv,rag_knowledge_base.csv,success,知识条目28条
2026-06-18 23:15:28,模块四,学生4：大模型经营决策工程师,执行RAG知识召回,我天天,rag_retrieval_preview.csv,success,TopK=4
2026-06-18 23:15:28,模块四,学生4：大模型经营决策工程师,生成经营问答回答,我天天,llm_response_mock.txt,success,页面预览
2026-06-18 23:15:38,模块四,学生4：大模型经营决策工程师,执行RAG知识召回,委任为,rag_retrieval_preview.csv,success,TopK=4
2026-06-18 23:15:38,模块四,学生4：大模型经营决策工程师,生成经营问答回答,委任为,llm_response_mock.txt,success,页面预览
2026-06-18 23:15:51,模块四,学生4：大模型经营决策工程师,优化报告提示词,,llm_prompt_record.txt,success,库存优化报告
2026-06-18 23:17:27,模块四,学生4：大模型经营决策工程师,构建RAG经营知识库,仓储管理制度.txt;低空应急配送启用条件.txt;库存预警处理制度.txt;退货处理流程.txt;配送超时处理规范.txt,rag_knowledge_base.csv,success,知识条目27条
2026-06-18 23:18:25,模块四,学生4：大模型经营决策工程师,AI生成三套经营方案,库存资金占用过高,decision_plan_compare.csv;expert_consultation.csv,success,7天应急处理
2026-06-18 23:20:25,模块四,学生4：大模型经营决策工程师,接收前三模块结果,20个文件,management_summary.csv,success,核心经营指标已汇总
2026-06-20 10:18:14,模块四,学生4：大模型经营决策工程师,接收前三模块结果,20个文件,management_summary.csv,success,核心经营指标已汇总
2026-06-20 10:22:15,模块四,学生4：大模型经营决策工程师,构建RAG经营知识库,仓储管理制度.txt;低空应急配送启用条件.txt;库存预警处理制度.txt;退货处理流程.txt;配送超时处理规范.txt,rag_knowledge_base.csv,success,知识条目15条
2026-06-20 10:24:57,模块四,学生4：大模型经营决策工程师,构建RAG经营知识库,仓储管理制度.txt;低空应急配送启用条件.txt;库存预警处理制度.txt;退货处理流程.txt;配送超时处理规范.txt,rag_knowledge_base.csv,success,知识条目15条
2026-06-20 10:25:07,模块四,学生4：大模型经营决策工程师,构建RAG经营知识库,仓储管理制度.txt;低空应急配送启用条件.txt;库存预警处理制度.txt;退货处理流程.txt;配送超时处理规范.txt,rag_knowledge_base.csv,success,知识条目15条
2026-06-20 10:33:27,模块四,学生4：大模型经营决策工程师,执行RAG知识召回,hethhe,rag_retrieval_preview.csv,success,TopK=2
2026-06-20 10:33:27,模块四,学生4：大模型经营决策工程师,生成经营问答回答,hethhe,llm_response_mock.txt,success,页面预览
2026-06-20 10:38:30,模块四,学生4：大模型经营决策工程师,优化报告提示词,,llm_prompt_record.txt,success,库存优化报告
2026-06-20 10:41:02,模块四,学生4：大模型经营决策工程师,保存报告提示词,prompt_text,llm_prompt_record.txt,success,库存优化报告
2026-06-20 10:41:03,模块四,学生4：大模型经营决策工程师,执行大模型分析过程,多模块结果文件,report_outline,success,生成报告大纲
2026-06-20 10:41:06,模块四,学生4：大模型经营决策工程师,生成智能经营诊断报告,多模块结果文件,business_diagnosis_report.md;business_diagnosis_report.html,success,
2026-06-20 10:51:57,模块四,学生4：大模型经营决策工程师,AI生成三套经营方案,库存资金占用过高,decision_plan_compare.csv;expert_consultation.csv,success,7天应急处理
