time,action,output_file,status,operator
2026-06-15 23:06:50,提交ABC分类提示词,generated_code_preview,success,
2026-06-15 23:07:10,生成ABC分类结果,abc_result.csv;abc_summary.csv,success,
2026-06-15 23:07:14,生成ABC分类结果,abc_result.csv;abc_summary.csv,success,
2026-06-15 23:07:23,加载销量预测模型,mock_sales_forecast_v1,success,
2026-06-15 23:07:28,运行销量预测,forecast_result.csv,success,
2026-06-15 23:07:32,生成库存风险预警,inventory_warning.csv,success,
2026-06-15 23:07:33,运行销量预测,forecast_result.csv,success,
2026-06-15 23:07:49,生成补货清仓建议,purchase_advice.csv;clearance_advice.csv;high_priority_products.csv,success,
2026-06-15 23:10:45,加载销量预测模型,mock_sales_forecast_v1,success,
2026-06-15 23:10:52,加载销量预测模型,mock_sales_forecast_v1,success,
2026-06-15 23:10:54,生成库存风险预警,inventory_warning.csv,success,
2026-06-15 23:33:38,构建历史销量训练样本,historical_sales_samples.csv,success,学生2：AI库存分析工程师
2026-06-16 21:35:05,提交ABC分类提示词,generated_code_preview,success,学生2：AI库存分析工程师
2026-06-17 08:05:43,接收商品基础指标表,C:\Users\Administrator\Documents\物流人工智能技能大赛\logistics_ai_platform\data\processed\product_base_metrics.csv,success,学生2：AI库存分析工程师
2026-06-17 08:06:00,智慧AI对话生成ABC分类代码,abc_classification_script.py,success,学生2：AI库存分析工程师
2026-06-17 08:06:24,生成ABC分类结果,abc_result.csv;abc_summary.csv,success,学生2：AI库存分析工程师
2026-06-17 08:06:24,Python云平台运行ABC分类代码,abc_result.csv;abc_summary.csv,success,学生2：AI库存分析工程师
2026-06-17 08:22:19,接收商品基础指标表,C:\Users\Administrator\Documents\物流人工智能技能大赛\logistics_ai_platform\data\processed\product_base_metrics.csv,success,学生2：AI库存分析工程师
2026-06-17 08:41:30,智慧AI对话生成ABC分类代码,abc_classification_script.py,success,学生2：AI库存分析工程师
2026-06-17 08:46:13,接收商品基础指标表,C:\Users\Administrator\Documents\物流人工智能技能大赛\logistics_ai_platform\data\processed\product_base_metrics.csv,success,学生2：AI库存分析工程师
2026-06-17 08:48:13,智慧AI对话生成ABC分类代码,abc_classification_script.py,success,学生2：AI库存分析工程师
2026-06-17 08:50:27,生成ABC分类结果,abc_result.csv;abc_summary.csv,success,学生2：AI库存分析工程师
2026-06-17 08:50:27,Python云平台运行ABC分类代码,abc_result.csv;abc_summary.csv,success,学生2：AI库存分析工程师
2026-06-17 08:51:11,接收商品基础指标表,C:\Users\Administrator\Documents\物流人工智能技能大赛\logistics_ai_platform\data\processed\product_base_metrics.csv,success,学生2：AI库存分析工程师
2026-06-17 08:51:18,智慧AI生成ABC分类代码,abc_classification_script.py,success,学生2：AI库存分析工程师
2026-06-17 08:51:24,生成ABC分类结果,abc_result.csv;abc_summary.csv,success,学生2：AI库存分析工程师
2026-06-17 08:51:24,Python云平台运行ABC分类代码,abc_result.csv;abc_summary.csv,success,学生2：AI库存分析工程师
2026-06-17 08:59:35,接收商品基础指标表,C:\Users\Administrator\Documents\物流人工智能技能大赛\logistics_ai_platform\data\processed\product_base_metrics.csv,success,学生2：AI库存分析工程师
2026-06-17 08:59:47,慧智coding助手生成ABC分类代码,abc_classification_script.py,success,学生2：AI库存分析工程师
2026-06-17 09:00:18,生成ABC分类结果,abc_result.csv;abc_summary.csv,success,学生2：AI库存分析工程师
2026-06-17 09:00:18,Python云平台运行ABC分类代码,abc_result.csv;abc_summary.csv,success,学生2：AI库存分析工程师
2026-06-17 09:11:08,构建历史销量训练样本,historical_sales_samples.csv,success,学生2：AI库存分析工程师
2026-06-17 09:34:49,接收商品基础指标表,C:\Users\Administrator\Documents\物流人工智能技能大赛\logistics_ai_platform\data\processed\product_base_metrics.csv,success,学生2：AI库存分析工程师
2026-06-17 09:34:57,生成ABC分类结果,abc_result.csv;abc_summary.csv,success,学生2：AI库存分析工程师
2026-06-17 09:34:57,Python云平台运行ABC分类代码,abc_result.csv;abc_summary.csv,success,学生2：AI库存分析工程师
2026-06-17 09:39:05,执行交叉验证并选择销量预测模型,model_selection,success,学生2：AI库存分析工程师
2026-06-17 09:59:56,接收商品基础指标表,C:\Users\Administrator\Documents\物流人工智能技能大赛\logistics_ai_platform\data\processed\product_base_metrics.csv,success,学生2：AI库存分析工程师
2026-06-17 10:00:07,生成ABC分类结果,abc_result.csv;abc_summary.csv,success,学生2：AI库存分析工程师
2026-06-17 10:00:07,Python云平台运行ABC分类代码,abc_result.csv;abc_summary.csv,success,学生2：AI库存分析工程师
2026-06-17 10:01:54,执行交叉验证确定销量预测模型超参数,hyperparameter_search,success,学生2：AI库存分析工程师
2026-06-17 10:12:51,训练并评估销量预测模型,model_evaluation,success,学生2：AI库存分析工程师
2026-06-17 10:24:03,接收商品基础指标表,C:\Users\Administrator\Documents\物流人工智能技能大赛\logistics_ai_platform\data\processed\product_base_metrics.csv,success,学生2：AI库存分析工程师
2026-06-17 10:24:45,慧智coding助手生成ABC分类代码,abc_classification_script.py,success,学生2：AI库存分析工程师
2026-06-17 10:25:05,生成ABC分类结果,abc_result.csv;abc_summary.csv,success,学生2：AI库存分析工程师
2026-06-17 10:25:05,Python云平台运行ABC分类代码,abc_result.csv;abc_summary.csv,success,学生2：AI库存分析工程师
2026-06-17 10:26:14,执行交叉验证确定销量预测模型超参数,hyperparameter_search,success,学生2：AI库存分析工程师
2026-06-17 10:26:48,训练并评估销量预测模型,model_evaluation,success,学生2：AI库存分析工程师
2026-06-17 10:27:50,使用推荐模型生成未来销量预测,forecast_result.csv,success,学生2：AI库存分析工程师
2026-06-17 10:27:50,生成库存风险预警,inventory_warning.csv,success,学生2：AI库存分析工程师
2026-06-17 10:27:50,生成模块三高优先级商品交接文件,high_priority_products.csv,success,学生2：AI库存分析工程师
2026-06-17 10:29:39,训练并评估销量预测模型,model_evaluation,success,学生2：AI库存分析工程师
2026-06-17 10:48:44,接收商品基础指标表,C:\Users\Administrator\Documents\物流人工智能技能大赛\logistics_ai_platform\data\processed\product_base_metrics.csv,success,学生2：AI库存分析工程师
2026-06-17 10:50:54,执行交叉验证确定销量预测模型超参数,hyperparameter_search,success,学生2：AI库存分析工程师
2026-06-17 10:52:11,训练并评估销量预测模型,model_evaluation,success,学生2：AI库存分析工程师
2026-06-17 10:54:51,使用推荐模型生成未来销量预测,forecast_result.csv,success,学生2：AI库存分析工程师
2026-06-17 10:54:51,生成库存风险预警,inventory_warning.csv,success,学生2：AI库存分析工程师
2026-06-17 10:54:51,生成模块三高优先级商品交接文件,high_priority_products.csv,success,学生2：AI库存分析工程师
2026-06-17 10:57:53,生成模块三高优先级商品交接文件,high_priority_products.csv,success,学生2：AI库存分析工程师
2026-06-17 10:57:53,生成补货清仓建议,purchase_advice.csv;clearance_advice.csv;high_priority_products.csv,success,学生2：AI库存分析工程师
2026-06-17 10:58:11,使用推荐模型生成未来销量预测,forecast_result.csv,success,学生2：AI库存分析工程师
2026-06-17 10:58:11,生成库存风险预警,inventory_warning.csv,success,学生2：AI库存分析工程师
2026-06-17 10:58:11,生成模块三高优先级商品交接文件,high_priority_products.csv,success,学生2：AI库存分析工程师
2026-06-17 11:06:56,接收商品基础指标表,C:\Users\Administrator\Documents\物流人工智能技能大赛\logistics_ai_platform\data\processed\product_base_metrics.csv,success,学生2：AI库存分析工程师
2026-06-17 11:07:21,执行交叉验证确定销量预测模型超参数,hyperparameter_search,success,学生2：AI库存分析工程师
2026-06-17 11:07:40,训练并评估销量预测模型,model_evaluation,success,学生2：AI库存分析工程师
2026-06-17 11:08:01,使用推荐模型生成未来销量预测,forecast_result.csv,success,学生2：AI库存分析工程师
2026-06-17 11:10:05,生成模块三高优先级商品交接文件,high_priority_products.csv,success,学生2：AI库存分析工程师
2026-06-17 11:10:05,生成补货清仓建议,purchase_advice.csv;clearance_advice.csv;high_priority_products.csv,success,学生2：AI库存分析工程师
2026-06-17 14:07:46,接收商品基础指标表,C:\Users\Administrator\Documents\物流人工智能技能大赛\logistics_ai_platform\data\processed\product_base_metrics.csv,success,学生2：AI库存分析工程师
2026-06-17 14:09:29,执行交叉验证确定销量预测模型超参数,hyperparameter_search,success,学生2：AI库存分析工程师
2026-06-17 14:09:45,训练并评估销量预测模型,model_evaluation,success,学生2：AI库存分析工程师
2026-06-17 14:10:30,使用推荐模型生成未来销量预测,forecast_result.csv,success,学生2：AI库存分析工程师
2026-06-17 15:18:38,生成消费者履约重点商品交接文件,high_priority_products.csv,success,学生2：AI库存分析工程师
2026-06-17 15:18:38,生成补货清仓建议,purchase_advice.csv;clearance_advice.csv;high_priority_products.csv,success,学生2：AI库存分析工程师
2026-06-17 15:28:38,生成补货清仓建议,purchase_advice.csv;clearance_advice.csv,success,学生2：AI库存分析工程师
2026-06-18 15:22:02,接收商品基础指标表,C:\Users\Administrator\Documents\物流人工智能技能大赛\logistics_ai_platform\data\processed\product_base_metrics.csv,success,学生2：AI库存分析工程师
2026-06-18 16:20:22,接收商品基础指标表,C:\Users\Administrator\Documents\物流人工智能技能大赛\logistics_ai_platform\data\processed\product_base_metrics.csv,success,学生2：AI库存分析工程师
2026-06-18 16:20:34,生成ABC分类结果,abc_result.csv;abc_summary.csv,success,学生2：AI库存分析工程师
2026-06-18 16:20:34,Python云平台运行ABC分类代码,abc_result.csv;abc_summary.csv,success,学生2：AI库存分析工程师
2026-06-18 16:20:47,生成补货清仓建议,purchase_advice.csv;clearance_advice.csv,success,学生2：AI库存分析工程师
2026-06-18 16:21:19,执行交叉验证确定销量预测模型超参数,hyperparameter_search,success,学生2：AI库存分析工程师
2026-06-18 16:21:34,训练并评估销量预测模型,model_evaluation,success,学生2：AI库存分析工程师
2026-06-18 16:21:37,使用推荐模型生成未来销量预测,forecast_result.csv,success,学生2：AI库存分析工程师
2026-06-18 16:21:40,生成补货清仓建议,purchase_advice.csv;clearance_advice.csv,success,学生2：AI库存分析工程师
2026-06-18 16:35:40,生成补货清仓建议,purchase_advice.csv;clearance_advice.csv,success,学生2：AI库存分析工程师
2026-06-18 18:06:30,接收商品基础指标表,C:\Users\Administrator\Documents\物流人工智能技能大赛\logistics_ai_platform\data\processed\product_base_metrics.csv,success,学生2：AI库存分析工程师
2026-06-18 18:07:52,慧智coding助手生成ABC分类代码,abc_classification_script.py,success,学生2：AI库存分析工程师
2026-06-18 18:08:27,生成ABC分类结果,abc_result.csv;abc_summary.csv,success,学生2：AI库存分析工程师
2026-06-18 18:08:27,Python云平台运行ABC分类代码,abc_result.csv;abc_summary.csv,success,学生2：AI库存分析工程师
2026-06-18 18:13:17,执行交叉验证确定销量预测模型超参数,hyperparameter_search,success,学生2：AI库存分析工程师
2026-06-18 18:14:27,训练并评估销量预测模型,model_evaluation,success,学生2：AI库存分析工程师
2026-06-18 18:15:10,使用推荐模型生成未来销量预测,forecast_result.csv,success,学生2：AI库存分析工程师
2026-06-18 18:16:21,生成补货清仓建议,purchase_advice.csv;clearance_advice.csv,success,学生2：AI库存分析工程师
2026-06-19 14:49:31,接收商品基础指标表,C:\Users\Administrator\Documents\物流人工智能技能大赛\logistics_ai_platform\data\processed\product_base_metrics.csv,success,学生2：AI库存分析工程师
2026-06-19 14:52:39,慧智coding助手生成ABC分类代码,abc_classification_script.py,success,学生2：AI库存分析工程师
2026-06-19 14:55:32,生成ABC分类结果,abc_result.csv;abc_summary.csv,success,学生2：AI库存分析工程师
2026-06-19 14:55:32,Python云平台运行ABC分类代码,abc_result.csv;abc_summary.csv,success,学生2：AI库存分析工程师
2026-06-19 14:56:32,生成ABC分类结果,abc_result.csv;abc_summary.csv,success,学生2：AI库存分析工程师
2026-06-19 14:56:32,Python云平台运行ABC分类代码,abc_result.csv;abc_summary.csv,success,学生2：AI库存分析工程师
2026-06-19 14:57:18,生成ABC分类结果,abc_result.csv;abc_summary.csv,success,学生2：AI库存分析工程师
2026-06-19 14:57:18,Python云平台运行ABC分类代码,abc_result.csv;abc_summary.csv,success,学生2：AI库存分析工程师
2026-06-19 15:15:59,接收商品基础指标表,C:\Users\Administrator\Documents\物流人工智能技能大赛\logistics_ai_platform\data\processed\product_base_metrics.csv,success,学生2：AI库存分析工程师
2026-06-19 15:16:34,接收商品基础指标表,C:\Users\Administrator\Documents\物流人工智能技能大赛\logistics_ai_platform\data\processed\product_base_metrics.csv,success,学生2：AI库存分析工程师
2026-06-19 15:17:02,生成ABC分类结果,abc_result.csv;abc_summary.csv,success,学生2：AI库存分析工程师
2026-06-19 15:17:02,Python云平台运行ABC分类代码,abc_result.csv;abc_summary.csv,success,学生2：AI库存分析工程师
2026-06-19 15:27:54,执行交叉验证确定销量预测模型超参数,hyperparameter_search,success,学生2：AI库存分析工程师
2026-06-19 15:31:26,训练并评估销量预测模型,model_evaluation,success,学生2：AI库存分析工程师
2026-06-19 15:33:01,使用推荐模型生成未来销量预测,forecast_result.csv,success,学生2：AI库存分析工程师
2026-06-19 15:36:00,生成补货清仓建议,purchase_advice.csv;clearance_advice.csv,success,学生2：AI库存分析工程师
